Keyword,Category
appareil auditif,Appareils
meilleur appareil auditif 2026,Appareils
appareil auditif prix,Appareils
appareil auditif invisible,Appareils
appareil auditif rechargeable,Appareils
appareil auditif bluetooth,Appareils
premier appareil auditif,Appareils
appareil auditif classe 1,Appareils
appareil auditif classe 2,Appareils
classe 1 vs classe 2 appareil auditif,Appareils
types appareils auditifs,Appareils
entretien appareil auditif,Appareils
adaptation appareil auditif,Appareils
accessoires appareil auditif,Appareils
rechargeable vs piles appareil auditif,Appareils
perte auditive,Perte auditive
symptomes perte auditive,Perte auditive
causes perte auditive,Perte auditive
types perte auditive,Perte auditive
presbyacousie,Perte auditive
surdite brusque,Perte auditive
perte auditive enfant,Perte auditive
quand consulter orl perte auditive,Perte auditive
test auditif en ligne,Perte auditive
audiogramme,Perte auditive
acouphenes,Acouphènes
traitement acouphenes,Acouphènes
causes acouphenes,Acouphènes
acouphenes pulsatiles,Acouphènes
acouphenes et sommeil,Acouphènes
acouphenes et stress,Acouphènes
hyperacousie,Acouphènes
therapie sonore acouphenes,Acouphènes
appareil auditif acouphenes,Acouphènes
lenire acouphenes,Acouphènes
meilleur appareil acouphenes,Acouphènes
audioprothesiste,Audioprothésiste
choisir audioprothesiste,Audioprothésiste
premier rdv audioprothesiste,Audioprothésiste
orl ou audioprothesiste,Audioprothésiste
suivi audioprothesiste,Audioprothésiste
teleaudiologie,Audioprothésiste
trouver audioprothesiste,Audioprothésiste
remboursement appareil auditif,Remboursement
100 sante audition,Remboursement
reste a charge zero audition,Remboursement
prix appareil auditif,Remboursement
mutuelle appareil auditif,Remboursement
devis appareil auditif,Remboursement
renouvellement appareil auditif,Remboursement
aides financieres appareil auditif,Remboursement
protection auditive,Prévention
bilan auditif gratuit,Prévention
depistage auditif,Prévention
bruit au travail audition,Prévention
protection auditive concert,Prévention
ecouteurs volume danger,Prévention
prevention perte auditive seniors,Prévention
meilleure protection auditive,Prévention
appareil auditif telephone,Vie quotidienne
appareil auditif television,Vie quotidienne
appareil auditif sport,Vie quotidienne
appareil auditif voyage,Vie quotidienne
appareil auditif travail,Vie quotidienne
panne appareil auditif,Vie quotidienne
application audition,Vie quotidienne
appareil auditif entourage,Vie quotidienne
tv connector appareil auditif,Vie quotidienne
meilleur tv connector,Vie quotidienne
meilleure app audition,Vie quotidienne
comparatif appareil auditif,Comparatifs
phonak vs signia,Comparatifs
phonak vs resound,Comparatifs
signia vs resound,Comparatifs
meilleur intra auriculaire,Comparatifs
meilleur appareil classe 1,Comparatifs
guide auditif,Marque
leguideauditif,Marque
le guide auditif,Marque
deserts auditifs france,Études
