URL,Dernière exploration
https://leguideauditif.fr/trouver-audioprothesiste/,2026-04-14
https://leguideauditif.fr/faq/,2026-04-13
https://leguideauditif.fr/centre/a2a-audio-31670-labege/,2026-04-13
https://leguideauditif.fr/centre/audika-france-18000/,2026-04-13
https://leguideauditif.fr/centre/amplifon-france-14120-mondeville/,2026-04-13
https://leguideauditif.fr/centre/amplifon-france-72140-sille-le-guillaume/,2026-04-13
https://leguideauditif.fr/centre/amplifon-france-63100-clermont-ferrand/,2026-04-13
https://leguideauditif.fr/centre/ab3-85110-chantonnay/,2026-04-13
https://leguideauditif.fr/centre/agsa-37260-monts/,2026-04-13
https://leguideauditif.fr/centre/audika-france-81100/,2026-04-13
https://leguideauditif.fr/centre/audika-france-78300/,2026-04-13
https://leguideauditif.fr/centre/amplifon-france-33700-merignac/,2026-04-13
https://leguideauditif.fr/centre/amplifon-france-42400-saint-chamond/,2026-04-13
https://leguideauditif.fr/centre/asteric-optic-68790-morschwiller-le-bas/,2026-04-13
https://leguideauditif.fr/centre/a2b-70200-roye/,2026-04-13
https://leguideauditif.fr/centre/audika-france-24750/,2026-04-13
https://leguideauditif.fr/centre/audika-alpes-74000/,2026-04-13
https://leguideauditif.fr/centre/audika-france-59100/,2026-04-13
https://leguideauditif.fr/centre/antaudio-06600-antibes/,2026-04-13
https://leguideauditif.fr/centre/audika-france-13012/,2026-04-13
https://leguideauditif.fr/centre/alexia-59190-hazebrouck/,2026-04-13
https://leguideauditif.fr/centre/amplifon-france-49124-saint-barthelemy-d-anjou/,2026-04-13
https://leguideauditif.fr/centre/audika-france-62100/,2026-04-13
https://leguideauditif.fr/centre/amplifon-france-31000-toulouse/,2026-04-13
https://leguideauditif.fr/centre/acuitis-begles-33130-begles/,2026-04-13
https://leguideauditif.fr/centre/amplifon-france-08200-sedan/,2026-04-13
https://leguideauditif.fr/centre/audika-france-05200/,2026-04-13
https://leguideauditif.fr/centre/a-l-s-a-13006-marseille-6e-arrondissement/,2026-04-13
https://leguideauditif.fr/centre/audilab-jura-39500-tavaux/,2026-04-13
https://leguideauditif.fr/centre/audika-france-54150/,2026-04-13
https://leguideauditif.fr/centre/audika-france-85200/,2026-04-13
https://leguideauditif.fr/centre/audika-france-81600/,2026-04-13
https://leguideauditif.fr/centre/audika-france-94340/,2026-04-13
https://leguideauditif.fr/centre/amplifon-france-94420-le-plessis-trevise/,2026-04-13
https://leguideauditif.fr/centre/aba33-33670-creon/,2026-04-13
https://leguideauditif.fr/centre/alfa-optique-09000-foix/,2026-04-13
https://leguideauditif.fr/centre/audika-france-59280/,2026-04-13
https://leguideauditif.fr/centre/aud-joly-audiosolution-aurec-sur-loire-43110/,2026-04-13
https://leguideauditif.fr/centre/audika-france-66000/,2026-04-13
https://leguideauditif.fr/centre/audika-france-07100/,2026-04-13
https://leguideauditif.fr/centre/argoat-audition-22600-loudeac/,2026-04-13
https://leguideauditif.fr/centre/audika-france-17300/,2026-04-13
https://leguideauditif.fr/centre/apfl-audiologie-50400/,2026-04-13
https://leguideauditif.fr/centre/aal-49000-angers-2/,2026-04-13
https://leguideauditif.fr/centre/audika-france-69008/,2026-04-13
https://leguideauditif.fr/centre/apt-chambourcy-78240/,2026-04-13
https://leguideauditif.fr/centre/alain-afflelou-acousticien-69700/,2026-04-13
https://leguideauditif.fr/centre/amplifon-france-56170-quiberon/,2026-04-13
https://leguideauditif.fr/annonces/emploi/,2026-04-12
https://leguideauditif.fr/catalogue/appareils/bernafon-alpha-3/,2026-04-11
https://leguideauditif.fr/a-propos/,2026-04-11
https://leguideauditif.fr/guides/,2026-04-11
https://leguideauditif.fr/guides/audiogramme/,2026-04-11
https://leguideauditif.fr/catalogue/appareils/phonak-audeo-lumity/,2026-04-11
https://leguideauditif.fr/catalogue/marques/widex/,2026-04-11
https://leguideauditif.fr/guides/acouphenes/therapie-sonore/,2026-04-10
https://www.leguideauditif.fr/annonces/,2026-04-10
https://www.leguideauditif.fr/faq/,2026-04-10
https://www.leguideauditif.fr/revendiquer/?centre=audition-jcg-01500,2026-04-10
https://leguideauditif.fr/catalogue/appareils/oticon-xceed-3/,2026-04-10
https://leguideauditif.fr/catalogue/appareils/bernafon-alpha-7/,2026-04-10
https://leguideauditif.fr/catalogue/marques/signia/,2026-04-10
https://leguideauditif.fr/catalogue/appareils/oticon-intent-4/,2026-04-10
https://leguideauditif.fr/catalogue/appareils/oticon-intent-2/,2026-04-09
https://leguideauditif.fr/catalogue/appareils/oticon-intent-1/,2026-04-09
https://leguideauditif.fr/catalogue/appareils/unitron-moxi-vivante-3/,2026-04-09
https://leguideauditif.fr/catalogue/appareils/unitron-moxi-vivante-7/,2026-04-09
https://leguideauditif.fr/centre/audiologie-du-leman-01220/,2026-04-09
https://leguideauditif.fr/catalogue/appareils/signia-pure-ix-3/,2026-04-09
https://leguideauditif.fr/catalogue/appareils/unitron-insera-discover-next-9/,2026-04-09
https://www.leguideauditif.fr/catalogue/appareils/signia-pure-ix-5/,2026-04-09
https://www.leguideauditif.fr/catalogue/appareils/signia-pure-ax-7/,2026-04-09
https://www.leguideauditif.fr/catalogue/appareils/phonak-naida-marvel-70/,2026-04-09
https://leguideauditif.fr/catalogue/types/cros/,2026-04-09
https://leguideauditif.fr/catalogue/comparer/,2026-04-09
https://leguideauditif.fr/catalogue/types/earbud/,2026-04-09
https://leguideauditif.fr/catalogue/marques/bernafon/,2026-04-09
https://leguideauditif.fr/centre/la-maison-de-l-audition-02600/,2026-04-09
https://leguideauditif.fr/catalogue/appareils/audio-service-mood-r-g7/,2026-04-09
https://leguideauditif.fr/catalogue/appareils/unitron-shine-rev/,2026-04-09
https://www.leguideauditif.fr/trouver-audioprothesiste/,2026-04-09
https://leguideauditif.fr/catalogue/appareils/oticon-zeal/,2026-04-09
https://leguideauditif.fr/catalogue/appareils/oticon-more-1/,2026-04-09
https://leguideauditif.fr/centre/sarl-audition-tribut-verjus-entendre-02200/,2026-04-09
https://leguideauditif.fr/catalogue/appareils/widex-moment-110/,2026-04-09
https://leguideauditif.fr/catalogue/appareils/phonak-audeo-lumity-50/,2026-04-09
https://leguideauditif.fr/catalogue/appareils/starkey-edge-ai-24/,2026-04-09
https://leguideauditif.fr/catalogue/appareils/widex-moment-220/,2026-04-09
https://leguideauditif.fr/catalogue/appareils/signia-motion-ix/,2026-04-09
https://www.leguideauditif.fr/catalogue/appareils/starkey-omega-ai-16/,2026-04-09
https://leguideauditif.fr/guides/appareils-auditifs/accessoires/,2026-04-09
https://leguideauditif.fr/guides/acouphenes/causes/,2026-04-08
https://leguideauditif.fr/guides/appareils-auditifs/rechargeable-vs-piles/,2026-04-08
https://leguideauditif.fr/guides/appareils-auditifs/premier-appareil/,2026-04-08
https://leguideauditif.fr/comparatifs/meilleur-appareil-acouphenes/,2026-04-08
https://www.leguideauditif.fr/mentions-legales/,2026-04-07
https://leguideauditif.fr/,2026-04-07